ID,PC1,PC2
4,-8.751107339392844,-3.3194059147085184
7,-7.023248780465177,-3.296971729207397
12,-6.8927261947700496,-3.244582826023393
18,-8.173042021821564,-3.3042500049583667
22,-5.6863008826020485,-3.3400113714258564
25,-8.181776734482554,-3.1969492183322017
26,-8.179487569530176,-3.266412648237446
27,-7.463698876805686,-3.275764444597398
44,-8.45918390578049,-3.3031884661043276
52,-8.59761799365407,-3.289836415013921
60,-8.602977913280744,-3.3307462641588614
65,-8.464887846886578,-3.2735390048851176
68,-8.748189536848065,-3.297427217680682
69,-8.749945003778059,-3.2167734305356688
75,-8.179824775959682,-3.2961838030514103
82,-9.17784356407168,-3.206715278958211
83,-9.036357351819724,-3.3103291099555503
99,-6.182854602500618,-3.2039964231073492
102,-8.036735937217744,-3.261245442549465
107,-7.4564018599741315,-3.292524775125695
119,-6.606937603801998,-3.3180256643210764
122,-6.03591566463696,-3.280888545540802
131,-9.314485300274752,-3.324838493415136
136,-8.606900707687666,-3.2529787308283553
137,-9.180060256220363,-3.2328212436219887
139,-7.455237948236186,-3.328712721898343
141,-7.894246597037395,-3.277330116529173
145,-8.037318889588839,-3.253425219102752
156,-8.178339961041884,-3.301086802137326
157,-6.887586650596958,-3.251502453162886
159,-7.036603528269367,-3.338259074422762
163,-6.888264315092053,-3.343482246279108
164,-5.896869884724517,-3.2116719876362674
183,-8.750065344550423,-3.269572288388932
184,-8.607606891157431,-3.334390764782021
193,-6.463098928698831,-3.3677506101252948
201,-8.322331893014674,-3.2746819088643804
203,-9.035702126715996,-3.2794558397871234
209,-8.03647179901303,-3.338944137469167
210,-7.0358867421390014,-3.316036756175205
221,-8.116527611053378,-3.399110123096591
241,-8.037503442456952,-3.2652775952533206
245,-9.030643877356114,-3.311750716032943
249,-8.744772548019037,-3.295613685148243
255,-8.872297384813058,-3.280717988017735
259,-8.46615123154627,-3.2930828251393764
261,-6.750940461296681,-3.261128872828148
262,-8.036522153860002,-3.281717421908815
265,-7.895243155126413,-3.30712409970164
276,-7.038541826175565,-3.2098651415802935
277,-9.46570110824058,-3.2648361121267775
290,-8.893736291396438,-3.2587477520365624
293,-9.461708969211273,-3.264520724792383
304,-8.319770731884107,-3.326264557478796
307,-8.749090084394545,-3.2686302387318107
310,-8.609681395082918,-3.2148746259954373
320,-9.031114924452414,-3.23227959471215
321,-8.748338181210451,-3.262714932393226
322,-9.32176820557377,-3.3149968581408733
332,-8.323320766928202,-3.2797890865138895
341,-8.6089206897067,-3.262038778116996
348,-8.32159052171953,-3.301519175614681
349,-7.321012081512715,-3.2223351062329484
370,-6.6046515411571525,-3.365555385546832
374,-9.034515522329208,-3.1938009257412223
377,-9.037767836380516,-3.2666843035513313
382,-7.465410997934668,-3.251599468127873
389,-9.038603376440806,-3.2295566951090873
391,-7.7465615074467875,-3.2877244126650043
402,-7.464682815761648,-3.2670656180568485
403,-7.608592415405033,-3.287875239835602
405,-8.894033370978095,-3.1941951018434747
408,-8.742618700706304,-3.2581149808865986
418,-7.461480970725425,-3.2859098597963388
422,-8.464807215986186,-3.3097931322418743
432,-8.739822992539866,-3.2860156562261364
434,-7.750103360797966,-3.2702712551434354
443,-8.465254659949553,-3.297054179606047
456,-8.322245944788623,-3.129322390789284
468,-8.1770946048942,-3.2758311279589796
472,-8.604996038084893,-3.278083412675524
475,-7.465498694915675,-3.2943652845041727
476,-8.602286892581656,-3.3125461042659023
479,-7.895577692321629,-3.176397376327225
486,-8.895624332265259,-3.244205394178316
487,-8.749885817000306,-3.283284241896494
493,-8.17584783169294,-3.2700496715827247
511,-8.603075947185056,-3.251929485937014
517,-8.179477235588283,-3.250410707932107
519,-8.034710589550924,-3.250371317693651
522,-8.606492031247729,-3.301688393163239
532,-8.463697792074584,-3.2532750249663067
537,-6.894394149782911,-3.2647181611848364
556,-8.13751593160891,-3.309035133601334
564,-7.608575239315984,-3.2862128204207344
573,-9.177327642019332,-3.3024847970870557
574,-8.608842477428128,-3.2769592653684407
576,-8.749656856458122,-3.34370146019565
577,-8.750721284246337,-3.265026121166504
607,-6.321777811573183,-3.361724930807477
612,-9.461848411257954,-3.2705508903208704
620,-6.751335164429156,-3.2833900473259754
627,-8.894314586938293,-3.276823538914737
648,-6.463941314115922,-3.3273869991413716
649,-8.180444976632192,-3.2674908746140363
657,-8.599538769130163,-3.274136491628062
660,-8.888423100080606,-3.296715520375339
661,-8.609497782831403,-3.2386377925423773
662,-8.027874026580141,-3.3159718257405206
675,-9.037048306885731,-3.259294778217178
678,-8.464315942226026,-3.2757124432961056
682,-8.750891185545425,-3.262425154003395
696,-8.182246673050566,-3.205565717722414
699,-8.465784268150708,-3.284777677898461
706,-7.465770183424762,-3.2856686509642063
716,-8.750378669387523,-3.261964042322803
718,-7.46718927813864,-3.2513007106038248
746,-8.317879896672919,-3.247229499971686
749,-8.608434332843856,-3.2031577777157407
759,-8.748751439019617,-3.309289338590191
776,-8.752094805369778,-3.2801573378235283
777,-8.96570041409065,-3.359233041985763
785,-7.6069760875521855,-3.2937175739391593
792,-7.322729545991681,-3.267973614086827
793,-8.608933217069822,-3.211204713618599
796,-8.750700053482262,-3.319168812440974
808,-8.751145055690932,-3.2022606523284396
810,-7.320087013848271,-3.3068442054174376
814,-8.889044284675487,-3.29337837327382
826,-8.75096043113019,-3.238356387748173
844,-7.465719484071842,-3.2380360061837496
845,-5.178633711885843,-3.277246203802924
848,-9.178118081888645,-3.2924527315355427
849,-8.896311996876069,-3.218868795168899
854,-7.323873433508453,-3.2413983358024354
857,-7.750908186220968,-3.2454091410118733
862,-7.465651223022597,-3.2459630461602136
865,-8.468193000853736,-3.233955471966207
870,-7.314190538831998,-3.336543529752676
872,-9.321290401652172,-3.308171923189687
882,-8.027472192351631,-3.286049907118019
886,-8.895717838389801,-3.2288766725019236
893,-8.320607176882355,-3.3104882485914477
900,-8.89639016837856,-3.25006963082744
902,-5.321560754031965,-3.3056430605543925
903,-9.17166655401694,-3.2350599448114035
924,-8.751203938750512,-3.224633780073524
925,-8.602241942185284,-3.272134766689519
929,-6.749643033369522,-3.3125189468830447
930,-8.88120788087362,-3.302334793153074
936,-7.464825059771582,-3.281366846098831
937,-8.467313610154804,-3.215362357564872
976,-6.464455639690034,-3.2862812667921455
977,-7.593209567588442,-3.266551020916693
978,-6.028618326726427,-3.270077955238244
987,-8.028334028885245,-3.2430831179834665
989,-8.750597194533274,-3.2284513926430227
1004,-7.458006748973091,-3.2865925653644457
1023,-8.610439280315099,-3.181243997235727
1025,-8.458642736900728,-3.247526758154524
1039,-8.037081544040307,-3.1960234821910336
1043,-8.893505695797472,-3.220579061582303
1045,-8.750670191771635,-3.2711542682819967
1071,-9.034499642399794,-3.2705037520294487
1080,-8.747898322048096,-3.295997234061858
1081,-9.324721402373903,-3.2216212718792723
1086,-9.180939808244805,-3.2175480433077386
1091,-8.038805130652207,-3.205907858584601
1092,-7.315078916683512,-3.260960179807956
1096,-7.750077927833732,-3.273131438513883
1103,-5.876526658352341,-3.312860451421547
1121,-9.18063226108747,-3.2767384144064216
1127,-8.465178084065968,-3.237221074591219
1139,-7.322821871895211,-3.2734044656859367
1147,-8.75041826870489,-3.2598306030740685
1149,-7.4669903558821025,-3.201808942867028
1152,-6.7506416107424085,-3.243051984022699
1161,-8.176424773979408,-3.179087903321891
1168,-7.891572284990628,-3.2463422792749452
1173,-8.607839108685718,-3.2471177754151768
1190,-8.602837557386085,-3.2910605180497794
1200,-8.467251409501664,-3.1873616325790586
1212,-8.034190344595281,-3.146807272505596
1217,-8.75221872954026,-3.219008991648641
1222,-9.036681820327654,-3.2406447530721403
1223,-8.885265276950648,-3.293307589584467
1231,-8.75186185501433,-3.2700661466498593
1243,-7.751648021301852,-3.2648168519364837
1249,-7.88898185530843,-3.2720043343379883
1265,-8.31259184494314,-3.253303895848007
1274,-6.7504062674806855,-3.267056183445104
1286,-7.035669667270049,-3.3361360433408356
1296,-7.605611316824079,-3.306059559636241
1301,-9.46581267487821,-3.370783414680165
1304,-9.038819612186057,-3.11261167077432
1305,-8.745294549726058,-3.266960261508718
1306,-7.034443373856856,-3.234465912729283
1310,-7.462637253168032,-3.3331401698362715
1312,-7.00075803808586,-3.417982310695888
1322,-8.892463499645975,-3.310417008498327
1324,-8.319172375972222,-3.2645707703463307
1325,-7.033420398512456,-3.3305537896886124
1334,-7.175129305658559,-3.2992549705707024
1337,-5.181427884126112,-3.218422859617402
1342,-8.751431091954297,-3.2678467137087575
1355,-8.32137009802299,-3.2825311000564525
1360,-7.7509729768574465,-3.2480225680550276
1368,-7.465454576903291,-3.210629548725867
1372,-8.752592231239232,-3.2206461047250277
1378,-8.177795223271477,-3.334987944181635
1380,-6.322278300655688,-3.2519176825993106
1382,-8.751536393844962,-3.2267511762574235
1395,-8.181172336500522,-3.194547382088065
1400,-6.892074540652275,-3.3245128935242643
1402,-6.0370319022102,-3.2684889433666813
1408,-5.034740508609577,-3.30797520075737
1409,-8.605035890805794,-3.2636232306809747
1410,-7.603482529438561,-3.2935663442933065
1414,-8.32142183270146,-3.30715485989394
1422,-9.178191643680403,-3.299578571848588
1426,-7.320480662737798,-3.250100609281112
1429,-6.607724729192942,-3.3254774252164876
1435,-7.179943861024969,-3.2601950562061677
1455,-8.32143711187915,-3.2877618722041415
1457,-7.182240593641942,-3.1991262271786076
1462,-8.034891837650708,-3.274709412422376
1465,-9.46670868838236,-3.265918272570019
1475,-8.597903272350568,-3.2850709765021024
1479,-7.302756874128666,-3.324839219809617
1482,-8.03458722081001,-3.2934110578972
1483,-8.750948154806693,-3.2854828619083505
1493,-7.459927666013309,-3.3022767495344683
1510,-8.464119626252572,-3.3373360653764195
1511,-8.610434984707565,-3.2228177036129178
1517,-8.459920113607817,-3.2252535182262694
1527,-8.46519056718277,-3.2149653924874935
1528,-8.32263061919712,-3.283153599840631
1529,-7.466115649800566,-3.242003330379886
1537,-7.464811588956966,-3.261089296150093
1547,-8.464802849379087,-3.290404021117364
1548,-8.027624099295126,-3.380073725074752
1554,-7.463371678817818,-3.3358005816334244
1563,-6.382798218126579,-3.4011685727544676
1569,-8.74454868801376,-3.326204036810626
1577,-8.746184292170648,-3.3324646251289383
1583,-9.1723807970467,-3.319506022892688
1593,-7.893106006124287,-3.2685801620596253
1613,-9.03430174768554,-3.2596910721153156
1620,-9.038002926208472,-3.210768715107995
1642,-8.609717513966851,-3.310292327529436
1651,-8.035672165575793,-3.2699946545454583
1662,-8.325960092741122,-3.147683745238907
1669,-8.470967379623993,-3.209207716492149
1673,-8.035664252630964,-3.2294363792384586
1674,-8.033871754790813,-3.277859219283329
1675,-8.32240620458469,-3.2584821042917205
1680,-8.752548343142603,-3.250735378790715
1682,-7.465544334819115,-3.261950573581363
1685,-8.321172799538834,-3.295874533438158
1694,-8.896013295266224,-3.1378948354075
1700,-8.039540379909507,-3.161471020355069
1702,-9.031383535152733,-3.2641599959778396
1707,-8.748816587375073,-3.28938298869228
1711,-6.746957759551055,-3.2449446140152403
1714,-8.035449370324663,-3.2870941140702983
1726,-8.736997473165857,-3.2617937485097213
1731,-8.606576026354674,-3.3840250359416304
1735,-8.461707296793787,-3.2226645046161915
1738,-9.174897501499355,-3.2534335405576154
1739,-8.894623260558665,-3.181795090499494
1742,-7.889845051893531,-3.247358167453242
1744,-7.607972877797073,-3.3452602301701977
1758,-8.460914905592363,-3.3258868149573426
1760,-7.466266951417047,-3.274893620355895
1762,-8.465767678383784,-3.2682509228243917
1767,-8.607365748237754,-3.3232478594275188
1771,-7.605139707278616,-3.25631393953595
1778,-7.751361619402772,-3.2627290518775847
1786,-6.609832744513072,-3.2046077541029394
1787,-9.181378307223389,-3.2720009891804085
1788,-8.039113026184861,-3.216743327024276
1790,-8.895234965622564,-3.279521135349164
1793,-7.176690773793838,-3.2087779428823304
1800,-8.605425000485344,-3.261181104475876
1804,-7.459360296373442,-3.3200377014908087
1824,-9.038691980136557,-3.184552071440633
1825,-8.743243513493855,-3.279150805177561
1828,-8.885419660599606,-3.3350382780462433
1830,-8.741894001162986,-3.3245103924192754
1841,-8.60862405412874,-3.209415491291925
1851,-9.04138928149678,-3.2412646038447894
1852,-7.894808887083094,-3.2666333812085027
1860,-7.753218207823151,-3.2355516001123825
1868,-8.17791846470182,-3.345168169620498
1870,-8.608698520810606,-3.2380809022401817
1879,-9.322503926083852,-3.2510105657406863
1885,-8.470992291347992,-3.2322790213703105
1890,-8.893749800857497,-3.2851448974377657
1892,-8.323803518747471,-3.282450767327279
1894,-7.733592296515419,-3.356835210108725
1897,-8.608271881124328,-3.2268949422346274
1901,-9.174887301960789,-3.304565331963515
1915,-9.036719780245187,-3.2701457510252308
1924,-7.607306241916648,-3.3029298920061825
1925,-8.892418900568835,-3.31279124116286
1933,-7.034008144242196,-3.295004161532404
1942,-9.32057671076341,-3.304483088299057
1944,-8.894322206459611,-3.301090165319248
1949,-8.600492729447211,-3.2648182173088944
1956,-8.313131713652732,-3.2347309637662613
1958,-8.606949917968402,-3.3132879356058584
1959,-8.60796766037808,-3.217657635799006
1962,-8.469663630860616,-3.101730676433899
1982,-8.325502747305643,-3.218586015245028
1995,-8.467062425463357,-3.3019786986972526
1997,-8.460546012995831,-3.1472202906094795
2004,-7.036403352460908,-3.246090989519575
2007,-7.037344739756178,-3.251866820548519
2017,-7.325917594638216,-3.1690779700352514
2022,-6.893495423676047,-3.279589335284182
2031,-8.606724864371158,-3.268591348347774
2039,-6.894853155888956,-3.2272979572115212
2048,-8.316900510454193,-3.276315451430337
2049,-7.607739463044569,-3.2892574637116168
2063,-7.813793339829244,-3.475013321499611
2067,-5.612493872541111,-3.177322979255244
2068,-8.892532354359457,-3.3368454782940575
2077,-5.752555618680158,-3.2406947113778553
2081,-8.60828752081466,-3.3142447475632344
2084,-8.03216598477715,-3.2414267317432577
2085,-7.592997145070962,-3.274982742091939
2087,-7.748602356301547,-3.3112408332484975
2088,-6.313148733392359,-3.328309628835401
2093,-8.608955106544922,-3.243662441487801
2094,-8.172448450680626,-3.3109146208859865
2095,-7.89414424427169,-3.2199529697064113
2115,-8.247352876926259,-3.343552508628496
2118,-8.035717613030915,-3.313315292196673
2128,-8.608354864592282,-3.251093052779817
2131,-5.893750874767013,-3.2925631753994633
2132,-8.607708109003191,-3.2373360150090935
2138,-8.322109352040945,-3.245479010437377
2139,-7.314427751341196,-3.276840564388848
2176,-9.037918643426565,-3.1858245308237603
2182,-9.027919736429348,-3.3182094128309827
2184,-7.465278442704967,-3.26758484954576
2185,-8.892713661205526,-3.3341932818819924
2186,-9.322012348057912,-3.240232923654289
2187,-7.032059040235574,-3.2849094286991725
2194,-8.7443714186734,-3.27217650874051
2199,-7.456536606961397,-3.2560028128742933
2203,-8.036038642711963,-3.291115791183527
2209,-7.033228603939363,-3.320078345637349
2218,-8.892401048972628,-3.303812018553891
2220,-8.325029315325768,-3.198828629621381
2225,-9.037168556232604,-3.276859840312729
2229,-7.8978220748580865,-3.3179089904000496
2231,-7.034881553537483,-3.30589301091033
2234,-7.038209331431537,-3.249738692709575
2236,-8.889852790646131,-3.283139160070753
2244,-7.745175362568655,-3.291127820767508
2246,-8.171272575391205,-3.267593524226455
2259,-8.751378723165459,-3.2482730577458967
2267,-9.178575395814535,-3.3072227694231215
2268,-8.037012629109057,-3.2200527886403996
2269,-8.745155453102253,-3.316134150692931
2270,-8.038231855610094,-3.2151705079483595
2274,-8.895021169470239,-3.254554166429211
2286,-8.609491880355094,-3.27440120760301
2292,-7.608197733018211,-3.2767934495568465
2297,-8.174718658507583,-3.2574386246190112
2301,-7.036734776667293,-3.217126832142773
2309,-7.604148891634382,-3.238791837430875
2315,-8.175116981107777,-3.303702820068642
2319,-8.325035648593534,-3.1811420994394304
2320,-8.747088150578165,-3.2885162383933615
2324,-8.748566760420239,-3.1551787678364684
2326,-8.322434934592904,-3.259506625030101
2329,-9.321188320681712,-3.3217935526121423
2337,-6.891021851590765,-3.28845677490029
2363,-8.7459592084366,-3.230726232088866
2368,-8.607864283648576,-3.3058315452062983
2371,-7.603748189151077,-3.2804074549121367
2377,-8.608246910213996,-3.266087679670548
2408,-8.041094633015458,-3.1870156403459315
2419,-6.610447348519565,-3.2018402143032265
2421,-8.468110466261892,-3.2070124607420776
2422,-8.465691996633467,-3.2812368146524684
2427,-7.891056865338794,-3.2460460460193903
2428,-6.893569191104843,-3.2498786951367227
2433,-8.321711606659104,-3.3207427064655013
2434,-8.321167680151266,-3.301980883368208
2440,-8.467151988270215,-3.2143921795547095
2441,-7.465102244325825,-3.270787828206753
2445,-7.320469080583531,-3.2960287229850596
2461,-9.323005601826338,-3.2230601521035256
2470,-7.465376346622279,-3.283909373650893
2471,-8.752531316425085,-3.2574350059505104
2479,-8.178376401067661,-3.19731160269496
2480,-7.317680882700995,-3.291709311030207
2485,-7.89315989480266,-3.2727568614786335
2499,-8.323527382721897,-3.2592017504103894
2502,-9.17896446156318,-3.30035585227098
2528,-8.035990612405053,-3.3147074188141232
2531,-6.038852877833147,-3.207099153945741
2532,-6.179523462676191,-3.2476728466191167
2533,-8.464765634750956,-3.2781178435829057
2541,-8.026175450516524,-3.2125425761468027
2559,-9.035752910787885,-3.27684848845486
2586,-8.179106857097949,-3.2356883953915716
2590,-8.323504141958947,-3.278759057013134
2592,-6.714841902998117,-3.3013276400765603
2600,-7.889507719002932,-3.308989520475161
2606,-9.036494401419072,-3.2846996480483974
2612,-7.751010405839397,-3.2728140062990296
2614,-9.035863597775084,-3.297254253736292
2617,-8.607043409415413,-3.259579722175439
2621,-8.307920212319535,-3.263269881964618
2626,-6.468600366419505,-3.1913596009483167
2627,-8.036812632938412,-3.255442148529297
2636,-8.463467081194944,-3.2043200185178753
2652,-7.610224837714012,-3.302167387805638
2654,-8.751797197406562,-3.247730266916177
2657,-8.470164307988663,-3.1138061464404863
2669,-9.180376628351226,-3.2953524607800526
2670,-6.465120617219164,-3.3016883724542576
2672,-6.46684040192684,-3.2311112726216327
2677,-8.180288688629998,-3.2831939825269565
2689,-9.037293333936498,-3.2771566357406097
2690,-8.895616985965507,-3.2634226725041993
2691,-8.31649505068783,-3.2040589664793444
2694,-8.18065392553654,-3.1920646379708915
2697,-8.034987252000873,-3.252947844619903
2699,-8.75241526655822,-3.2072463674454044
2702,-8.750839357989687,-3.311022337246066
2703,-7.894608957014722,-3.2644322587765355
2719,-8.179472027505671,-3.2730025220321854
2722,-7.606614752355869,-3.3652995968644306
2737,-6.751769510861548,-3.372031525437553
2746,-9.036348179421552,-3.3031747923688006
2747,-7.888686393107362,-3.273401930428876
2750,-6.466644810818781,-3.2950964185913896
2761,-7.749812148109369,-3.281803194744385
2763,-7.893194415166437,-3.290805023459989
2767,-8.038128636646757,-3.241801379353248
2769,-8.480018686497075,-3.184902575546699
2778,-8.465877804021417,-3.3202005432594253
2786,-7.748827236366905,-3.347217212092185
2790,-6.607089617637609,-3.276214302572132
2791,-7.599528676348972,-3.178332517496382
2803,-8.74841663935877,-3.2068140242770613
2825,-8.607440128900679,-3.2113302299275084
2831,-7.037285929464136,-3.2761529506730582
2840,-7.897561118101596,-3.1599822552569132
2848,-8.751835641098408,-3.255412224696101
2867,-8.32247648741785,-3.2497866864942937
2870,-7.181881771434041,-3.2318198469564035
2886,-9.037134765275372,-3.2415197235716717
2897,-7.893564315612776,-3.2624059741706817
2898,-7.862283146662381,-3.3909281736251473
2904,-8.750715457558858,-3.270317013851252
2911,-9.03441854989901,-3.3073489805856764
2913,-7.605804226138071,-3.3168392059694813
2923,-7.037893031401736,-3.263479896099579
2935,-7.612429417516125,-3.225515021857433
2937,-8.894732454761426,-3.271439696778175
2939,-7.600272520194678,-3.3179387225939205
2944,-8.027973725950968,-3.3555692361140834
2945,-8.032388992956422,-3.2585514775784534
2946,-9.170842876594582,-3.2656450276906055
2952,-8.74584675257117,-3.2371082068210546
2954,-5.179211299792094,-3.335124172794232
2955,-8.322288613209226,-3.248368687634767
2976,-7.749718188115312,-3.353419093495138
2994,-8.60841062067972,-3.218558105656557
2998,-8.318187309770963,-3.2227517669269874
3004,-7.1811294668278345,-3.2672334284281064
3014,-8.182569242243826,-3.2075370982353824
3030,-7.031510797876199,-3.199988259205785
3042,-8.323578679227897,-3.3095269080567618
3048,-7.035452167484882,-3.3255393210011643
3050,-7.89243673260228,-3.262865777554771
3052,-6.749950169946024,-3.3162874456800857
3059,-7.8943150518931535,-3.231270157830913
3062,-8.037829883006028,-3.2694289357222934
3077,-8.607650532060235,-3.3115538473457287
3090,-7.751635719757579,-3.233025870659617
3093,-8.036555596036386,-3.3222150776050605
3098,-8.747027507718343,-3.2700043492103923
3099,-7.173489360893065,-3.316614765085298
3100,-7.893095560078311,-3.3528024505742144
3102,-9.462124300476647,-3.2810325078863336
3107,-8.89374625988542,-3.301216681923915
3111,-5.596253278425945,-3.305313730796984
3113,-7.464422145208333,-3.287311553094856
3115,-9.032370025893464,-3.2350998801382773
3116,-7.607429488957857,-3.2877068781578043
3130,-9.18042754734272,-3.2001808299872354
3134,-7.890315581040925,-3.2547541483175917
3135,-8.323361777069714,-3.190764640364834
3138,-8.894266796973916,-3.2934834460324067
3143,-8.889528937618243,-3.272375865943538
3149,-8.324041214519088,-3.3323579026547376
3151,-8.180521413388687,-3.264605972333637
3155,-6.740620093254819,-3.3193310199843404
3165,-8.744433011380941,-3.3083076528248507
3177,-6.752528694498302,-3.3389380898036767
3189,-8.608350419237054,-3.2238273189068027
3192,-8.74987545047885,-3.3011011681320523
3194,-8.607334178243532,-3.346850719042377
3196,-8.178643150601914,-3.257781927461006
3198,-9.173478044234622,-3.267991779998073
3201,-8.319519873234006,-3.2445070038431423
3204,-7.746158528142613,-3.3029346359026026
3205,-8.183475440200112,-3.227370933330723
3208,-7.293833156552673,-3.263794927424198
3218,-9.322615409906057,-3.280937305821761
3224,-8.037472737830148,-3.27583785035288
3228,-7.167304146684515,-3.269252248830787
3229,-8.7412606182659,-3.276436485561218
3234,-8.179016075281288,-3.2499614636978764
3238,-6.0347723184570174,-3.3236753055511827
3251,-9.035588290800082,-3.262983510207189
3254,-8.753331544245514,-3.346421892200088
3261,-8.604417328641818,-3.2714467370977225
3262,-6.466817563791934,-3.166662475955566
3264,-4.749089466267643,-3.2867606859949756
3267,-7.03841007848456,-3.204526058815757
3281,-7.038753669033763,-3.1935235212338484
3296,-7.74462099382595,-3.271873409487512
3301,-8.602039307436431,-3.3469552734397654
3302,-8.321578860650732,-3.2944521003646607
3307,-9.028310804549344,-3.251034866647414
3328,-8.038850531845297,-3.1820805874826137
3329,-7.324888699632328,-3.299572660726147
3331,-8.465305773989883,-3.235638802001888
3333,-9.31549953399157,-3.2495500044620167
3350,-8.029194552546995,-3.309986276998962
3358,-8.88072849181148,-3.2915456817487643
3367,-7.609124585907073,-3.28095997318476
3372,-8.609169787551554,-3.2644269484383512
3375,-8.607156977796288,-3.284674137650249
3382,-7.896686958901507,-3.271139052224256
3399,-7.747655283602503,-3.283138085656358
3423,-6.4665844465404545,-3.286848225555834
3435,-7.748066635543984,-3.257685868360127
3437,-8.314719636140024,-3.3212142766134685
3440,-7.037155719103742,-3.2424864709113614
3458,-8.605540688706478,-3.3090686056080427
3478,-8.607564165717616,-3.3048883519846233
3482,-7.180025162700109,-3.2423556151192137
3487,-7.465628749369592,-3.2639785783409008
3492,-8.894364526051374,-3.287710885384952
3498,-9.03800204104961,-3.2705757770963433
3511,-8.751478853342027,-3.288616843986112
3516,-7.459790493162558,-3.2929807701668445
3519,-8.895136022935226,-3.266091751650984
3521,-8.164815271442615,-3.2488634098714
3522,-7.607165778798802,-3.2627885412479167
3524,-8.89338414584402,-3.2783957280123386
3526,-7.749668875175498,-3.315289633247746
3529,-9.03815774487043,-3.2334498033251804
3536,-8.463730565700766,-3.276957968399147
3543,-9.744288290387011,-3.2476682013471554
3546,-8.459904766395137,-3.330375866885015
3547,-9.036190432441742,-3.1713598646272994
3552,-7.317072722064107,-3.314339766374391
3560,-7.749084221214674,-3.3241231034200487
3566,-9.75162140334572,-3.238012266417075
3570,-9.462872856266044,-3.343382147765206
3581,-9.179717991519537,-3.239529356311733
3583,-7.174344054400469,-3.2031347311315694
3610,-7.745141525135384,-3.3411331307282777
3626,-8.173197850146787,-3.3187626638489647
3638,-8.034454715850783,-3.2584376682099117
3645,-7.743672281579021,-3.263069910234646
3667,-7.895581897707106,-3.202383559792702
3672,-8.743891908045592,-3.3068128843904696
3675,-8.322494578011405,-3.254657655796238
3676,-8.324394897233196,-3.2141913203606145
3693,-7.895059174176256,-3.211748655766608
3694,-9.176343542238254,-3.2923843496138536
3695,-7.465740754436616,-3.2786418602254166
3698,-8.037373538009764,-3.297839155282019
3707,-8.60240120868628,-3.235171519876274
3709,-7.893513747894753,-3.308421826865488
3713,-6.022390556647208,-3.303332575551408
3719,-8.462530258198262,-3.3531637228359488
3731,-8.465203386848673,-3.190749667598325
3740,-7.886690612317222,-3.2860921446112075
3741,-8.034251988588162,-3.2906740013817504
3742,-7.604054271107224,-3.282742113799596
3743,-8.175074928500965,-3.2787396072048924
3745,-7.3190842497063775,-3.2765713540781736
3774,-9.028787613376265,-3.299708066203421
3781,-8.608186749516483,-3.3106141316425997
3791,-8.182050284089094,-3.205481261921927
3794,-7.4667349761042034,-3.2376224925935357
3796,-9.181656571719138,-3.2439370953633015
3801,-8.753281250304596,-3.2067955373533272
3816,-8.178683508018166,-3.311747632146118
3817,-8.608032884880354,-3.251916119066671
3822,-8.462013729862214,-3.2539637943108044
3830,-8.176029571520443,-3.2568660528229425
3831,-8.180150117431884,-3.241345265030968
3834,-8.465894814573746,-3.2147189244886833
3840,-8.178088484082457,-3.3254074489751497
3845,-8.895614124314996,-3.2677883287939324
3846,-6.894483385149834,-3.214876669389018
3849,-7.600287794849277,-3.3441863654845494
3851,-8.750274598033851,-3.3072491017108567
3862,-7.311792376419369,-3.27558269211297
3870,-7.454846304517048,-3.2824755462980697
3878,-9.18100321693814,-3.138840718309179
3884,-8.897518003725473,-3.1922491595420572
3891,-7.316517649955672,-3.2433924848570173
3894,-8.462553794411049,-3.2771214587041477
3898,-7.465080745217518,-3.2827415513869656
3905,-7.601718664391123,-3.299200417347246
3906,-7.321191873261643,-3.291226211086174
3907,-7.325706888170854,-3.1397872605177306
3915,-4.855588476390254,-3.311815856735665
3947,-7.322357017584816,-3.247691126231325
3951,-7.747002961906928,-3.2465620385278906
3960,-8.893421564086767,-3.229797988835561
3974,-7.03649260354548,-3.3073096950939616
3977,-7.893159648974058,-3.2434966320326715
4006,-5.612883675711672,-3.1978427373014418
4018,-5.603056696076136,-3.225572246702506
4028,-9.03508472845228,-3.2711054141152545
4031,-8.60756405855956,-3.2956350544832116
4045,-7.89532596575827,-3.1975300175668444
4046,-8.034629456511956,-3.288993726315649
4048,-8.752060304110275,-3.2334657060147194
4050,-6.750515220419216,-3.2624525934800204
4057,-6.888445026599259,-3.2723389279881605
4060,-8.461300959227573,-3.34733944791544
4063,-7.035945699267624,-3.2939944168585895
4074,-9.322324659684313,-3.295951393926871
4075,-8.609682014236775,-3.288935291544745
4083,-6.453743489600822,-3.2689389329951775
4086,-8.179389021655467,-3.266375292021566
4107,-8.897417672967183,-3.2596744669757234
4109,-8.75137768853855,-3.2295597020111484
4111,-5.8953436735880915,-3.220678513712514
4113,-9.03628476438181,-3.337172021989431
4124,-8.608722740651597,-3.0922415453989753
4132,-8.174816103519994,-3.2519622977617453
4136,-8.894071674651101,-3.2562313181339126
4139,-8.039920985373271,-3.2389637332859076
4151,-6.037307881431336,-3.360405866713999
4154,-8.18114339719963,-3.2447574236276178
4155,-8.464149575173055,-3.296642913016642
4170,-7.747262642166806,-3.3208487698272307
4171,-8.748129747330823,-3.2582673766798003
4174,-9.18022773475036,-3.2988933582668363
4177,-7.744816651782212,-3.2984947918363727
4182,-7.89364772096826,-3.2409588944147543
4185,-9.176161550567375,-3.2388207604867456
4186,-7.178911203302149,-3.26896627449547
4187,-8.179563160734922,-3.2706903589619807
4225,-8.028379342861534,-3.268487792033382
4239,-8.750114055436908,-3.226577538310737
4243,-9.035066336807434,-3.2774105577294455
4245,-8.751385065532661,-3.257247425254932
4260,-8.895044870178063,-3.2482560118718053
4262,-8.460893115846584,-3.268965387269335
4264,-8.466151061395298,-3.214783409660805
4265,-7.602485834891288,-3.2783879377128984
4266,-8.608659307157325,-3.214330057862768
4267,-9.03664038914443,-3.241082306370219
4282,-7.322005369228559,-3.27026132467824
4283,-7.749947144568978,-3.3479800840758074
4285,-8.75112627280174,-3.2474472317003302
4286,-8.035296352462064,-3.321825337333347
4291,-8.038294106644544,-3.2526630399562495
4292,-7.179067263089478,-3.257101893501582
4300,-8.746958446373258,-3.2650076449730085
4323,-8.898783781417075,-3.2158680301868396
4325,-9.608808541867663,-3.268200197858919
4326,-8.737360268958847,-3.2740432583147623
4329,-8.168884774623196,-3.1936405739646014
4332,-8.460252763304569,-3.23226693295735
4334,-8.610076238838428,-3.2296866362560057
4339,-8.610743712063158,-3.2191760065639947
4340,-8.751068747038792,-3.262274563762747
4344,-8.4676833339053,-3.246251979676608
4346,-7.464823423230737,-3.232403049648376
4354,-6.748548620035302,-3.222998280926529
4355,-8.745695190332745,-3.3278950558127978
4360,-8.893547681397454,-3.217319456698134
4363,-7.317842823771172,-3.3397330678016024
4369,-8.609554517036495,-3.222058500964945
4388,-8.176428298402389,-3.3103251804051292
4405,-8.89316724661933,-3.2612404296391193
4409,-8.612286828412532,-3.2015352740306446
4418,-8.317960489310453,-3.3175982868591833
4436,-9.179844046224275,-3.3104189611190096
4439,-9.034387275644018,-3.3447333585053705
4449,-8.749827224708628,-3.251170714206884
4454,-8.466927460683587,-3.204551916414441
4457,-7.890333542565093,-3.2733290755698925
4459,-8.316268879286413,-3.2960291710903697
4461,-8.749273261397438,-3.3013616987097887
4462,-6.608987067192342,-3.2349463009751025
4469,-8.892622706346332,-3.2862026434971106
4474,-6.036025426382393,-3.311484849542791
4476,-8.753134354467694,-3.2009397016905794
4480,-8.45817546448991,-3.1891114257445974
4481,-6.894733489946367,-3.2559578352338
4486,-5.750600768348205,-3.246766690291415
4489,-8.323714293279311,-3.2390627322327705
4494,-9.178995579375416,-3.269322784720925
4497,-8.322932095850005,-3.213715830468265
4499,-8.464632353813958,-3.2570181518089583
4500,-8.467250075103347,-3.184641510236634
4505,-8.03804459523685,-3.183724641456369
4510,-9.322999009461295,-3.2527726645266264
4513,-8.321584633633027,-3.255266746746384
4525,-8.465158988844745,-3.2963555473140578
4529,-8.741711906615167,-3.255436525308937
4542,-9.03292787423766,-3.232140792790717
4550,-9.031458023484356,-3.2926448279917984
4551,-7.321615516422058,-3.2542607017094807
4558,-8.609469510645564,-3.2702249104439933
4562,-7.312749004914136,-3.327688777264938
4574,-9.177930861831314,-3.278507531472246
4575,-8.039052375597743,-3.2259710668336625
4583,-7.751820336102814,-3.2682655549328907
4584,-8.881431835742587,-3.2899961504167976
4592,-6.60780475224185,-3.258715969137965
4593,-8.894671301573881,-3.236260711564679
4594,-8.464549305302114,-3.3705433530710236
4597,-7.895228738845913,-3.2609674639299517
4600,-8.037303399783118,-3.2338030272597993
4609,-8.317352057666168,-3.2054819128580267
4616,-8.750494831638965,-3.2911120014156223
4621,-8.608868737541862,-3.229529409770074
4661,-8.890842712279706,-3.2476650457488785
4681,-9.036777091929734,-3.291229354137111
4691,-8.89301126946651,-3.229750392604866
4700,-8.035825538303975,-3.232845237883216
4701,-7.605762667479247,-3.2544017134449836
4706,-8.750218570173505,-3.2904058541792063
4708,-4.749726479065025,-3.3030578175480456
4717,-8.606377703541884,-3.2235660375334203
4718,-8.604607884461364,-3.283879416989543
4723,-7.611571798383941,-3.2351720466792235
4724,-8.897285799145948,-3.178160069791304
4725,-8.744026866197665,-3.2714255777489014
4726,-7.036768274504965,-3.2629322727640044
4733,-7.036790152626531,-3.303120923663572
4734,-7.610081372662177,-3.2388335434529862
4741,-7.323201996566913,-3.2923479536258826
4745,-8.89312646386625,-3.284477701332678
4769,-9.025995007340256,-3.342177942947128
4773,-8.750490953519298,-3.3331943365313657
4774,-8.604320746080194,-3.343601388925051
4786,-8.893953169235694,-3.231343323526753
4798,-4.609922590828899,-3.224079926103258
4832,-7.888186584479774,-3.248324733796435
4836,-8.75036024644947,-3.2684520356358733
4838,-9.5448400467067,-3.4857178559932
4840,-7.7565220127883885,-3.184349945492663
4842,-8.035621044868124,-3.225108918571049
4847,-9.032060945862805,-3.190766330066632
4849,-7.749715644950324,-3.3033924497548557
4865,-8.180395929167268,-3.245963982302016
4874,-8.322504649398466,-3.2872870494853887
4876,-8.46405473865584,-3.289563384100862
4893,-7.893279155607994,-3.326096785793421
4896,-7.036807841618755,-3.25144479037346
4902,-8.457986763434079,-3.224706052059895
4903,-5.46049826327221,-3.1784001661718566
4904,-9.452724276167276,-3.319994896709398
4915,-8.893166546060465,-3.2253998399626123
4918,-6.4651013559436095,-3.2677228252491592
4928,-5.177542116089338,-3.11238995689779
4931,-7.891919152656334,-3.228512264510142
4935,-8.177882641811854,-3.164706513318248
4940,-8.1713002409291,-3.252477563244887
4943,-6.4622882957176655,-3.1797811803158025
4946,-8.608138358846222,-3.310965226005659
4952,-8.597309063615059,-3.3103212253696483
4954,-8.467597407655491,-3.188856271875645
4959,-8.462388102077975,-3.19869081955731
4962,-8.598929133604083,-3.3404213128088007
4967,-8.885347850275943,-3.2757800176560625
4971,-7.746086650594376,-3.2354230562501325
4975,-8.314691250413057,-3.328518601380469
4976,-6.887443663058263,-3.2402993309031896
4979,-7.182184267225204,-3.1906151805668452
4988,-9.46700978358421,-3.241170429911237
4989,-7.607336022972902,-3.2330029517023138
4997,-9.17488690141526,-3.3069773313740543
5002,-8.750711978687372,-3.278913283556921
5004,-7.609395179428795,-3.211426469794658
5013,-8.744457410885122,-3.374667055018606
5025,-8.750160799121552,-3.2701818465943644
5031,-8.609707808406318,-3.2704365149116574
5053,-8.028302254430326,-3.2239086166751
5055,-8.64740741817096,-3.521238490128143
5056,-8.606538888029503,-3.2440024724370184
5058,-7.895343788976572,-3.2421359324595063
5061,-9.031833811708609,-3.195504130069585
5065,-8.605269299303442,-3.2538391529318114
5071,-4.896581268072291,-3.187986448793231
5074,-8.322624423406486,-3.197029769175843
5087,-7.89421594767497,-3.2237798779313462
5096,-8.324859352295208,-3.2519603317204315
5101,-8.605783612423732,-3.2356853476211005
5108,-7.894757502398589,-3.2201079211266195
5112,-9.031683505801873,-3.3128467864079068
5114,-7.598440712915705,-3.355950559143117
5116,-8.323851758271587,-3.2455653322454596
5131,-8.321614658947636,-3.2495208697455613
5164,-8.174564320699245,-3.2736171868154003
5165,-8.46373712704536,-3.155199217140894
5170,-6.895585631333692,-3.219469214441123
5173,-9.172862322106914,-3.3245309617851095
5174,-8.464830616857261,-3.336564875220636
5181,-5.891768543097749,-3.322686175854038
5184,-8.173827355543798,-3.28173505370084
5185,-8.0297346785916,-3.2911766408672163
5189,-7.750270275084922,-3.291890818504922
5206,-9.316953321021948,-3.310208750775836
5209,-8.749638945394317,-3.346723531301566
5222,-8.748478165897081,-3.3290933216661944
5224,-8.889135052535629,-3.245447329966394
5226,-8.32163316813406,-3.299856772488783
5237,-9.320293701363932,-3.2463011893385185
5238,-7.038653018063815,-3.231855419389583
5239,-8.326132096581702,-3.231779667827333
5267,-6.1776214553006845,-3.261429063355352
5268,-9.181756204331435,-3.24168656725245
5272,-7.607386943941,-3.2825982864490815
5275,-9.033893307837882,-3.293862397241728
5276,-7.750233706787772,-3.2778036763038982
5280,-7.467178447332746,-3.2337719678705454
5289,-9.18083169218177,-3.2679949795956023
5292,-5.32159714778112,-3.349031413082025
5301,-7.321367937756676,-3.318742385208862
5306,-6.609653483382,-3.244701815003469
5334,-7.889665212384886,-3.2304334138631225
5339,-9.036063374353944,-3.282689765187998
5340,-8.037244659182049,-3.279194770625528
5374,-8.893290381281528,-3.250445284852369
5375,-8.608988643171765,-3.202842698229736
5379,-8.895929159395827,-3.207793599056227
5381,-7.89471455640135,-3.3036616557564815
5389,-7.605047055372818,-3.2583924857133
5390,-7.463856205997701,-3.2309155601672592
5393,-7.1786100962261745,-3.271119791293616
5394,-8.323165753348006,-3.274597080716384
5400,-8.036701188262516,-3.315943162440126
5402,-7.179231713540771,-3.269376318966546
5407,-8.60921107887544,-3.1854823139688895
5410,-8.180584724644387,-3.2838708549361786
5412,-7.74765413816949,-3.2273957368152577
5422,-8.887936577041229,-3.305973400795165
5423,-8.603797690766763,-3.287401462658037
5424,-8.314855088234314,-3.2855073459788806
5425,-8.035562249888693,-3.2549391655401343
5428,-7.182005422331968,-3.2175093015346516
5431,-7.892040945639087,-3.271123787552424
5439,-8.325255537158206,-3.340487401209208
5443,-8.037751220911858,-3.2480957982002385
5464,-9.1801978042206,-3.2238419036100097
5466,-8.17850472545864,-3.2535809471520465
5472,-8.035668551058226,-3.27675782043027
5486,-8.03648364732907,-3.234118993429355
5490,-8.75266769796876,-3.2455852072842832
5492,-9.177833797359446,-3.3074533021511345
5499,-8.893011325240069,-3.2858624726424295
5521,-6.893007114371181,-3.31611475956135
5522,-6.035102747717513,-3.3335841485741344
5525,-8.894041425482929,-3.234870826826634
5530,-8.886831749135656,-3.2769373749509363
5535,-8.892534482610039,-3.2981434941093375
5536,-9.035189940914174,-3.2956430177946703
5537,-9.32131088370154,-3.2862529412269104
5538,-8.606247762891993,-3.317551853790119
5543,-7.608376897980327,-3.251201326415122
5547,-9.0348145179064,-3.253084872688842
5548,-8.894422439477632,-3.327342500609835
5550,-8.174167658986278,-3.3482895953508853
5551,-9.180213865335793,-3.2816789489176483
5559,-5.747509995879014,-3.276329397929384
5560,-6.75258902121495,-3.3601882772477385
5566,-8.32244020480104,-3.23323436259308
5582,-9.02565905692528,-3.3461081670813853
5591,-7.894954869219877,-3.2557317141958415
5595,-6.466340173005736,-3.281377493648377
5598,-8.750712956116919,-3.2722512756248907
5606,-8.609862580167428,-3.1725076778625887
5610,-8.742888999987654,-3.345961907710441
5613,-8.319608635820677,-3.262743762598462
5615,-8.749969083797406,-3.2939660649968125
5616,-6.592146642171713,-3.2473321928430825
5621,-8.75020910033412,-3.251101959865099
5624,-8.032235543180782,-3.303272019670022
5632,-8.745404532449424,-3.2344349787327653
5637,-8.891929121669357,-3.3501410745377367
5652,-8.742750986664511,-3.3281625155416883
5660,-8.750611961040388,-3.253375815914875
5665,-8.320873343029486,-3.2607213016176595
5674,-7.894517682181833,-3.2161485418543534
5675,-8.890390546920393,-3.272374627787655
5687,-8.752120904331779,-3.2473375510918285
5688,-6.18156987259455,-3.203046449262029
5691,-8.895183240365172,-3.245463618736588
5694,-7.17428762156675,-3.177825466291536
5706,-7.750719645155989,-3.2163618497098545
5707,-7.036544131945877,-3.2738499684453064
5710,-8.745662281552349,-3.2189338230304667
5717,-7.6084474711987475,-3.3047956399927867
5729,-9.035025989416166,-3.3414509238051697
5741,-8.604580164755863,-3.2369380668782672
5743,-8.023438116377607,-3.3311613106469573
5745,-7.751559877549961,-3.32210965404306
5748,-8.16469790844048,-3.2775206402538153
5763,-9.035030101339132,-3.248325829818345
5776,-8.891850315887856,-3.29786843345781
5777,-8.747921859514955,-3.228343048497805
5779,-8.894167494201627,-3.2855814822782428
5786,-7.891797042421689,-3.254167166205729
5797,-8.1784127542968,-3.228978725940229
5799,-7.894413775480559,-3.3450171832513185
5807,-8.610035176509122,-3.19322704011771
5810,-8.032473484714554,-3.250299739937188
5815,-9.323247326527117,-3.2013503729357375
5820,-9.172492353993238,-3.3579713883814253
5833,-9.03684576752857,-3.3172214584894024
5834,-8.036599982666237,-3.26379563586053
5845,-8.16705641235704,-3.32575373048526
5856,-7.888199125313904,-3.2794917815534532
5857,-7.036377050438073,-3.279967744296095
5860,-8.750073980178776,-3.229752754607617
5875,-8.607868495805238,-3.275918814222076
5876,-7.893530680345638,-3.2708814616801707
5880,-5.323083095884497,-3.294371081037894
5883,-7.847560500288981,-3.444337513085114
5886,-8.601246721686595,-3.309409940964758
5910,-8.033624795767183,-3.25850497348757
5911,-8.60263330505879,-3.2471419219735043
5923,-8.173412078372706,-3.356327249309748
5924,-7.608659950620597,-3.2501572261582186
5929,-7.464899684661029,-3.312906037857827
5937,-8.181704458811764,-3.216889616378414
5940,-8.034206851801315,-3.306225485865352
5942,-8.463891114142193,-3.312806122973314
5952,-8.893144025007176,-3.3155558146797373
5953,-8.174144144277623,-3.230794504270185
5955,-8.291224331240585,-3.3308449956587687
5959,-7.320760811952675,-3.2713902196606175
5963,-7.322371983420102,-3.224384578115451
5965,-7.321430586684277,-3.271118889254918
5971,-7.885646303040892,-3.2641200783324824
5973,-8.890207675949858,-3.2874020032827316
5979,-8.316182435145386,-3.332079994586075
5986,-8.179919206602662,-3.18235444790142
5988,-8.036933216576713,-3.2784451770662395
5997,-8.464959708620402,-3.3117556037785585
6013,-8.609603863979858,-3.2467684151498513
6015,-9.038232304363492,-3.2318012661945703
6019,-8.320606360434919,-3.2731926754433704
6020,-8.611960824592533,-3.167013964766075
6024,-9.034198786061864,-3.255467553382212
6034,-8.751412793695026,-3.2942584683250336
6039,-8.319825266954302,-3.198855384085556
6045,-8.748906457418707,-3.3013372465786
6048,-8.892213471091377,-3.239634889757902
6060,-8.035800949628836,-3.2781535777523114
6069,-7.898556537396119,-3.255864130056233
6087,-8.31821410140328,-3.28802898321425
6091,-7.893572981359345,-3.260654145398781
6094,-7.467497938156421,-3.242557563101536
6095,-7.321878547578297,-3.300172636200715
6098,-9.174393572575973,-3.2657413845983596
6101,-9.031093295603132,-3.2985614312505933
6105,-8.035988726429677,-3.2789578615261687
6120,-7.466570712234338,-3.2361126495345145
6123,-8.041517307686837,-3.2348466847502912
6132,-8.749006811421252,-3.303883796488882
6140,-7.604353002076013,-3.278075133935489
6149,-7.463920835845926,-3.20639763090877
6154,-7.324383361519384,-3.2212507452422
6156,-7.749772003393013,-3.3071594335929055
6157,-8.180220780801566,-3.1779197669891217
6159,-8.320255648056175,-3.320941774185514
6160,-8.466695905975358,-3.267666115951013
6164,-8.460144177503004,-3.3305509396103186
6169,-8.88415863337022,-3.291741882046949
6171,-8.745975815539657,-3.308810268835241
6173,-8.607281787723151,-3.288267139949559
6176,-5.46350898515857,-3.2920506289935663
6183,-9.171875714012597,-3.361845149934998
6186,-9.030858918229743,-3.296783532114921
6198,-8.18010020461119,-3.2973605997741893
6199,-7.750914866821411,-3.2361434463337604
6207,-9.030626329328186,-3.3410159140618636
6216,-8.895318833676917,-3.178690104026279
6222,-9.179448906585838,-3.2507955842808673
6243,-9.17855931080368,-3.3235936377020394
6254,-7.892228998161213,-3.1908480086041595
6257,-8.75011856229802,-3.3137555421977263
6261,-8.608791638453699,-3.2399502674696037
6291,-8.893220979939784,-3.2994797362132364
6296,-8.894984187717583,-3.2352144350551084
6303,-8.030900989366586,-3.340173459044788
6313,-7.894662850463355,-3.2815811347888113
6332,-7.316014247439896,-3.3484277227920023
6336,-8.748671991729177,-3.299792218555544
6354,-7.315887938840569,-3.3378867175919993
6358,-8.893402737396485,-3.2638606659347937
6375,-9.178145274928935,-3.308800334833191
6384,-8.893013861107429,-3.3138042343065024
6388,-8.741617779745443,-3.2765909968229665
6403,-7.463803155955808,-3.272029534776948
6421,-7.602163120374247,-3.1996391362099352
6431,-8.892690274930054,-3.3100755710968097
6433,-6.60852001221171,-3.2084122869792275
6445,-8.749300407009022,-3.3061439918910818
6446,-9.029930169961672,-3.330241692956799
6464,-8.611461298228644,-3.2607434557437527
6467,-7.464560039961911,-3.2532927507817693
6473,-5.458829912733056,-3.3084866681907084
6482,-6.893824233883981,-3.26812036869285
6484,-8.172180892220274,-3.2427483826138443
6491,-6.181191049364039,-3.2903462625919286
6493,-8.325151874843604,-3.259687495551641
6505,-8.892798101683349,-3.251568621170646
6526,-9.323085739551496,-3.2581728070504243
6529,-8.314768645170345,-3.235905634442114
6531,-8.174874667517347,-3.2231278968159356
6540,-8.891012280287331,-3.219965451192124
6546,-5.89601485136964,-3.1766274809025927
6551,-9.035624564439878,-3.2653544563618855
6554,-8.461857323361532,-3.2449884014515935
6555,-8.035614253727932,-3.2774997097849514
6561,-8.960547529384542,-3.452207522824219
6562,-7.4643252449793955,-3.304500646508047
6569,-8.325637395485897,-3.2638219131486044
6571,-8.747742987564031,-3.1980935369964683
6575,-8.894167212839495,-3.2243841055345235
6585,-8.037307785729704,-3.2848491626066916
6587,-8.607703842946425,-3.2724391677721365
6593,-9.039891586681552,-3.195997879072761
6595,-8.89380915562427,-3.2266847845437763
6598,-7.456282574181974,-3.3038932008362285
6602,-8.89538724816511,-3.314286631934267
6616,-8.031892120285256,-3.303847302075881
6617,-8.461214114909101,-3.265927240711704
6618,-8.751163065876048,-3.292757019622423
6623,-7.46686301888346,-3.1882022148985727
6624,-8.89332054794324,-3.2649313900997443
6631,-8.744968910211588,-3.3088803024795856
6633,-8.892590779842855,-3.3313293693298447
6640,-8.322586356178642,-3.319505491658321
6641,-8.179321740420427,-3.2959213747082887
6646,-7.750728729567572,-3.3056449560451764
6649,-8.751412346338233,-3.1696948941408416
6653,-8.037417028183405,-3.3077784768406295
6669,-9.03692808300082,-3.2580492434683728
6671,-8.893848391212735,-3.285877397970622
6691,-7.1793215930903695,-3.2470722306229662
6693,-9.03839431209848,-3.155279104063355
6700,-8.037049495287738,-3.302350659272669
6701,-8.89562554201974,-3.12511363925161
6724,-8.893483899410183,-3.2846744350866515
6743,-8.035017339445009,-3.3009008014277477
6748,-8.606525044124348,-3.2661989331947345
6752,-7.754656713097177,-3.1990957036230636
6775,-8.604631701987964,-3.2524921108071956
6776,-8.610241733067594,-3.175925094084915
6784,-8.59826011398418,-3.346092913280782
6788,-8.606460749187221,-3.3289209917742326
6790,-7.751029154675345,-3.2586746501149566
6822,-9.609793351082912,-3.189525362566741
6824,-8.466359596510449,-3.2530143718327693
6826,-7.323659243390558,-3.251114479360451
6830,-8.602792670238808,-3.2305899538199183
6834,-8.320419974726398,-3.218557276691252
6835,-7.565103495235764,-3.3787362580525913
6840,-7.894715931129139,-3.273956121743442
6850,-5.749764264329662,-3.246428977698286
6857,-8.037008274286991,-3.287767451129505
6860,-8.174007124816098,-3.2223026707314
6861,-7.599040233608716,-3.2954818892792455
6867,-8.59667924791626,-3.2613376151904983
6878,-8.03893289911245,-3.2525219979947604
6884,-8.321849776098237,-3.2715819861132616
6908,-8.89330032028212,-3.2893104666087702
6922,-9.60951907875294,-3.1770669874519504
6923,-6.609125390046252,-3.231017683949863
6944,-8.466768097007822,-3.2334788204315768
6959,-7.749369340349631,-3.2757760262238427
6979,-7.601891063591144,-3.2846311383731224
6981,-8.463484198544503,-3.261102723765794
6983,-7.180363775790619,-3.274190751562015
6988,-7.890864340291712,-3.2418869458753568
6994,-8.750096628414274,-3.2518203239930337
6995,-9.038550604506696,-3.1941821580967367
7003,-7.605145419075813,-3.3642782229009054
7008,-8.598926086569746,-3.2948573577109923
7015,-7.890603701355475,-3.2355040450965222
7032,-6.895847572844082,-3.2715292155373112
7033,-8.895826955404761,-3.1639624706954996
7040,-8.036892019597731,-3.2200545013435926
7054,-6.313903123928918,-3.252819603602008
7063,-7.322342407967113,-3.237188538951717
7064,-8.893774082206914,-3.2539369558485873
7068,-7.751816878162248,-3.2746261097013867
7076,-6.606468326391348,-3.2893254668016447
7080,-7.891235793922883,-3.289935976641658
7097,-8.034943149424219,-3.234264911162291
7107,-8.460368573137355,-3.242215173701272
7115,-9.036916590605824,-3.281530349567021
7123,-8.325512938636356,-3.1703889960624796
7127,-7.753792953182841,-3.322481064880981
7129,-8.036283076470879,-3.2195425890835425
7132,-8.751675384364347,-3.2538739809560586
7150,-7.03272655195992,-3.219220730377883
7155,-7.178818141732122,-3.375131558901136
7160,-8.460874082036932,-3.2957386120478067
7171,-9.460269077680897,-3.3348265085335997
7174,-7.897184184197283,-3.123509720467794
7192,-7.892655966788047,-3.3019134318077397
7200,-8.176209786576477,-3.3081314293357047
7202,-6.458136061180099,-3.2464765953766586
7216,-9.030363661115755,-3.3383103062712727
7221,-8.895684213121339,-3.2480709013400952
7223,-8.608446025687787,-3.152809338763796
7232,-8.176082080874982,-3.34964140000309
7242,-7.179048847733,-3.338426815090674
7244,-7.4645621892295235,-3.2726961070685685
7245,-8.750433834206026,-3.2643985201124517
7246,-8.323918933062934,-3.203965610254977
7262,-8.038083512369097,-3.248573922176251
7263,-7.878538935503024,-3.3623117228298884
7264,-8.180547679303304,-3.270242415194964
7269,-8.323237038404098,-3.250987333118011
7273,-7.750114453479947,-3.291916849709905
7281,-7.747850455619084,-3.2010834085909465
7286,-7.887924255324849,-3.2372641750483746
7302,-7.75346558154659,-3.2185603831479286
7309,-4.750969225675835,-3.2456201297048337
7311,-7.466953357964242,-3.3245289279243737
7314,-7.893959961851956,-3.159818060751385
7321,-7.316902130042285,-3.271319408436184
7323,-8.888298882994823,-3.2295811899944207
7327,-7.750879166750125,-3.2744629807903496
7333,-7.323272263880167,-3.264175652631157
7335,-7.0363264465761866,-3.300116842992811
7366,-8.750680793744976,-3.2722830664565303
7368,-8.323705944518405,-3.2255596761791825
7370,-9.324061231666276,-3.256930207549387
7381,-8.320833010531839,-3.3621247470297053
7387,-8.320207055312478,-3.2881100937601913
7395,-7.6103465793956895,-3.2406535716094864
7399,-8.321147736331632,-3.3218930106270266
7406,-8.892984980007729,-3.305766845722145
7412,-7.318875679509829,-3.2383308955977683
7413,-7.892817586216091,-3.2961519300814923
7442,-6.7834950714436415,-3.506614211822352
7449,-7.883492728055531,-3.2753543374064917
7458,-7.5547274213285,-3.417304202780095
7464,-5.749488567361411,-3.332041143611437
7470,-8.750629790462908,-3.254041720786272
7472,-8.461190964719295,-3.3199594253127684
7480,-8.037557824993868,-3.226675312923344
7482,-6.742150925689101,-3.312687061670424
7487,-7.607939137097421,-3.3152311790601288
7494,-8.750035517264708,-3.3117706177936093
7499,-8.467941712197971,-3.2278979123253295
7502,-7.322865430453023,-3.238046452825341
7504,-8.737812988476655,-3.297722231621241
7509,-6.749385060237514,-3.2829621127095963
7511,-8.749957289867616,-3.164816866677054
7536,-8.60835914306117,-3.2838053175790773
7539,-8.459787079376344,-3.27205273764487
7546,-8.321949132618144,-3.369373930430774
7547,-8.08343152343123,-3.4492723264884617
7555,-8.466812531151467,-3.221638642834417
7559,-8.464972350947413,-3.3093261412144086
7584,-8.606814347179455,-3.3170295636873104
7589,-6.607949220030645,-3.236122137042875
7597,-8.609944595437712,-3.2334624148288373
7598,-6.182724934588856,-3.1922968083644245
7602,-5.883575630784479,-3.2472199450906656
7616,-8.46467410119012,-3.2453141914788057
7618,-8.89529107216933,-3.21399333704912
7623,-7.316163854844069,-3.30960558800958
7627,-7.039269930294109,-3.2123931530821412
7631,-9.174187843667976,-3.257848862425426
7634,-8.037752448237438,-3.227420995260929
7635,-8.181635834516946,-3.2349212129654266
7637,-8.607026038286861,-3.3161358536325745
7639,-8.752553156198701,-3.280786590336099
7642,-7.465042559572271,-3.3028310809778403
7652,-8.462532884951926,-3.29208422451027
7654,-7.751631880582424,-3.308603726581066
7678,-5.180371778708966,-3.2206053446090825
7686,-9.033188105764523,-3.1920019366811236
7687,-8.889994504145548,-3.210323173965167
7689,-7.607881608701193,-3.249673590056194
7696,-6.324789709455819,-3.2077123651250177
7706,-7.035544971943159,-3.295468456428102
7720,-9.024712344542271,-3.325134118346287
7721,-8.319659397821075,-3.276963261704408
7736,-8.318190347217548,-3.192431481949574
7746,-9.180600228225464,-3.2095357889995935
7763,-8.321651859707652,-3.2436253907105757
7764,-7.746075239325027,-3.232476291816215
7769,-7.607810712745144,-3.2028859442219555
7774,-8.60568320574029,-3.3454158715771567
7779,-6.601388514649543,-3.2824914869264328
7780,-7.468567424202354,-3.267099484563305
7794,-9.035765158052936,-3.300035110527021
7795,-8.451446023355938,-3.3017520396776927
7803,-6.180612078655013,-3.253878885759908
7811,-8.895135927523734,-3.1874843168614615
7815,-8.31698940300588,-3.310464247314378
7820,-9.309388007492911,-3.33016967227835
7823,-7.324391252728896,-3.3096050346739756
7831,-8.89219417562314,-3.212613196819237
7835,-7.607391480973868,-3.269884775961377
7848,-8.890920150136461,-3.233666599796573
7854,-8.750570442462559,-3.2963580230687968
7860,-8.895665887240492,-3.200099472418146
7865,-7.036477008851203,-3.26367208653185
7871,-8.609486108639583,-3.211510518674672
7876,-8.612078590791214,-3.2296485849760743
7883,-7.323694149810647,-3.249327864540549
7892,-9.036142557711315,-3.27454424531615
7901,-9.036211454049504,-3.2698751531583605
7913,-8.750385018529292,-3.250449715359258
7915,-8.465769381028288,-3.270289005890556
7921,-8.605295394015748,-3.3119217425346843
7923,-7.310714393388333,-3.2929420618386187
7925,-7.180638922222281,-3.2642406983291323
7927,-7.89236019596262,-3.283372772021383
7934,-8.60270841259796,-3.3081839572560554
7935,-8.178546081922297,-3.327149946506735
7936,-8.460923317473801,-3.259574315759133
7941,-8.889662104371931,-3.3346194742560753
7951,-6.324082725535104,-3.2552055489444514
7966,-7.7504884979372735,-3.2529225733391116
7967,-9.180438211577664,-3.2995064261789313
7970,-5.319042421489423,-3.386991966941625
7984,-8.605251917850378,-3.263561732011418
7985,-8.891625553016262,-3.2851913259965335
7986,-7.754221490344874,-3.179752780492519
7990,-9.602261364972442,-3.258196329658235
8010,-6.8964126549989375,-3.2209203197236924
8022,-5.980749359103926,-3.3868060079406184
8030,-8.464138884501937,-3.2733286061317393
8036,-9.1747696112704,-3.2518848494142465
8038,-9.17777278002708,-3.207131921155147
8052,-7.321690086799032,-3.318409299083183
8058,-8.325079554314767,-3.2295285587270643
8068,-8.466814026141913,-3.2401520163364013
8071,-9.178504584704262,-3.3437536957863037
8076,-8.031739282064098,-3.3163328370864593
8079,-8.465091395492976,-3.267738412012782
8086,-6.751283283823355,-3.269025933338966
8087,-8.893861082501465,-3.284611422490642
8091,-8.323862402218397,-3.2412279068675156
8093,-9.174161292500251,-3.280357872824542
8107,-5.894130367499012,-3.209835029415491
8118,-8.037249311190541,-3.3212588993678547
8122,-8.75007113178167,-3.271428725552134
8125,-7.461747126573893,-3.3193966906973102
8130,-8.61007488263916,-3.268694068970915
8132,-6.892782467987564,-3.3007071362919027
8133,-8.75072745955052,-3.292937815081721
8135,-6.179066599810141,-3.3105391267989015
8140,-5.036251138777126,-3.320408632157561
8142,-5.464134606037283,-3.239608238628901
8150,-8.159707105204989,-3.259944895882324
8155,-8.177125684138185,-3.266217306768433
8165,-7.3167172337334305,-3.3070024245727954
8183,-8.464847517690252,-3.258576128024159
8184,-8.180711133665495,-3.2815903772663666
8193,-8.750352077257185,-3.2690120553976136
8201,-6.604139954231479,-3.2372341307814967
8202,-8.034994219876053,-3.2612189545207872
8205,-8.893456272410074,-3.2011415531678895
8206,-8.177978123347698,-3.308667461402758
8208,-7.746010351264603,-3.2742828305128167
8210,-7.888675770379597,-3.256265535645964
8230,-9.038403979923585,-3.2593299144267913
8235,-8.035635756567997,-3.342796188236552
8256,-8.324113767264409,-3.2584780452294435
8265,-9.035213473423344,-3.319226924519009
8271,-8.46603095340273,-3.2504634312009535
8289,-8.323385577122064,-3.2062750436419143
8290,-7.896192991391141,-3.234672005271205
8303,-8.887445731024844,-3.323167729977268
8307,-8.179420088284896,-3.3314952533012288
8319,-8.317295014358423,-3.314038443806359
8324,-7.464958493090596,-3.272802554116209
8325,-8.321476616275774,-3.2978289021001608
8328,-7.8925868979973455,-3.3189473224317645
8343,-6.887386158913122,-3.346003281396029
8351,-7.893189018759841,-3.269702816269177
8356,-7.89608972637144,-3.1848502436712747
8362,-8.179474345715752,-3.255294280347003
8366,-8.030395232363244,-3.2797102581310726
8370,-9.170119177103334,-3.259417940989086
8385,-9.037482047466638,-3.21580895526285
8399,-8.178630136112742,-3.249398270117063
8406,-7.031385395916713,-3.305138585854597
8409,-8.610061079528618,-3.2086243329745927
8414,-8.606470503062095,-3.290549142925012
8416,-7.179154257112957,-3.257889848068289
8427,-8.888901565864629,-3.2881124574701466
8431,-7.607279255801465,-3.2275652995015505
8432,-8.749534631909086,-3.3295925611263844
8441,-8.891621653164899,-3.197729603047213
8449,-7.749393852200637,-3.278418916497093
8450,-8.181068045111802,-3.2181845266270197
8455,-6.89308867864524,-3.3214324927317955
8462,-8.178472433357648,-3.209526302618981
8463,-8.74302017194188,-3.370315296931134
8470,-6.18120189756694,-3.2037375409363595
8483,-8.03683973786876,-3.245722086354697
8487,-8.32136961210443,-3.297965252538153
8493,-6.891008739502053,-3.35468120674917
8497,-7.4644904481485375,-3.290694776831825
8509,-8.462942694983495,-3.1941432155250764
8517,-8.894459652782905,-3.2341732560118026
8519,-6.7469281528498986,-3.249356942578098
8520,-8.18163745108243,-3.209642167090109
8528,-9.179520016526308,-3.204577466851918
8539,-8.89531928926836,-3.181525218280761
8558,-7.751868084118422,-3.2615095764707354
8568,-8.1813771858022,-3.2523985523810772
8574,-9.038725401800445,-3.2343339463118435
8578,-8.461757581853558,-3.231619812184422
8592,-8.753214885909921,-3.223091622542486
8595,-9.027910721549754,-3.317360694218083
8600,-8.891723146954359,-3.3204574388176926
8606,-8.751705436285626,-3.2746502971323075
8612,-7.896172766836946,-3.2144933168365046
8615,-9.034059767547294,-3.349336786332692
8627,-6.609510198689613,-3.25921302439328
8631,-8.60657505458454,-3.2251808610800863
8632,-8.601699511599621,-3.3053229094831664
8645,-7.886417833167787,-3.3638199317659088
8647,-7.178408472158218,-3.3145235015296133
8650,-8.179365093019369,-3.2516595015614067
8653,-8.89481103112934,-3.246708255800368
8665,-8.59964498714413,-3.319918505460171
8667,-4.891929841247002,-3.309135117192838
8671,-7.751287052909738,-3.2109467868645423
8678,-8.468087586537692,-3.1368171815485404
8682,-6.03506733124913,-3.3414032554801723
8685,-8.153181139334592,-3.276565759205147
8686,-6.463682668947219,-3.2689678356523055
8691,-9.182195640367048,-3.2056926964168646
8694,-8.037533587286724,-3.225928912854942
8698,-7.321392719595796,-3.2972851139326
8700,-7.89230286713429,-3.2916782398953885
8706,-8.890521681861356,-3.2427103854827206
8714,-8.608086114243433,-3.2591558946038495
8717,-7.879609896763585,-3.2037880005988155
8719,-8.890814374121152,-3.3132012335736856
8738,-6.750228165333674,-3.2217324573458757
8749,-5.607082229732144,-3.293017737668651
8751,-8.182366601360194,-3.226449268528046
8755,-7.322168728371438,-3.256353121893295
8788,-9.607456574230676,-3.355038313923876
8792,-8.469581741619624,-3.216566143233645
8796,-8.318553634503987,-3.275840619431616
8802,-8.319357673166781,-3.2098748695169776
8803,-6.469775799324514,-3.205959026188078
8807,-8.318226888234925,-3.2312089904540273
8834,-7.606391620511171,-3.2824994522944912
8837,-8.03747295100592,-3.254279941104407
8840,-5.0381520932617585,-3.2115354324676915
8841,-9.17653630961387,-3.269525281317516
8845,-8.74837706080352,-3.2843519916463597
8847,-8.037465859253254,-3.2586393322846865
8849,-8.46417361030104,-3.3201293999639065
8853,-9.325224292110873,-3.1762698302396783
8866,-8.322519087766524,-3.2427914879097006
8871,-8.892979052280246,-3.257671301997771
8876,-9.02404519751484,-3.308665084338051
8877,-8.320421633061764,-3.3231771784841975
8885,-8.751594683647443,-3.2071191843033695
8888,-6.732971474100861,-3.316433467278082
8891,-9.317928454262374,-3.247245391832575
8898,-7.892627079258852,-3.355972977578574
8905,-9.028168757994113,-3.17266218847135
8909,-8.178992056466518,-3.3005145475203324
8915,-8.603682900569268,-3.303879582024789
8925,-7.181595438531433,-3.4843287063283688
8927,-7.60659434996396,-3.2719687173492265
8943,-9.037928596892405,-3.261416967913962
8952,-7.172780260376652,-3.2266957708094215
8955,-9.46872634840964,-3.2117382676833843
8957,-7.894812614938686,-3.25550691198965
8961,-7.608698484956154,-3.256646301344176
8967,-9.036496082824574,-3.285585974339253
8971,-8.316879251723481,-3.314474025320755
9002,-8.746105057779818,-3.237615399436428
9007,-9.176464209704893,-3.2079739573615296
9010,-8.6003852109182,-3.187183072571896
9011,-7.890847083125746,-3.2803792117472055
9026,-8.748419205734015,-3.26213933156633
9048,-6.462941200493412,-3.2856700622846606
9049,-8.74885602302215,-3.266674478137515
9053,-8.177344824616272,-3.238463395210207
9061,-7.75406088596999,-3.233047980604141
9063,-7.609004661639244,-3.2530082830300793
9064,-8.179267033885525,-3.2906501949062377
9074,-8.31795875875998,-3.2872147299171557
9077,-8.609073237726234,-3.2900721610906696
9079,-8.894743757349316,-3.266104681426935
9094,-9.036099858504368,-3.2920324727081764
9097,-6.749935350721022,-3.277578328092942
9102,-7.608044343782886,-3.2682707369732618
9108,-7.177806389924391,-3.3074327792171654
9116,-8.608680344904595,-3.3518663504394945
9126,-8.036446225091094,-3.2233771303827266
9145,-7.4587219493700765,-3.2959472348958414
9149,-8.896524417215598,-3.2395147121149086
9152,-7.463400976239228,-3.293538127265165
9156,-8.324907425471135,-3.2040426317017414
9160,-9.036895767650302,-3.2721357893392953
9170,-7.457571431766392,-3.274860274903941
9184,-8.03016796960821,-3.3006406967615525
9194,-8.6073952595132,-3.3027688316841037
9195,-7.038166733168923,-3.220577227929067
9198,-8.890514331015314,-3.294955047071957
9203,-8.031356324675501,-3.2176606859496992
9211,-8.312132896895404,-3.258753814991031
9214,-8.467692734915982,-3.25762971770688
9215,-8.608382175676564,-3.3075134243416833
9217,-8.749446285075594,-3.301183457297405
9220,-8.752526207973894,-3.1869024885004684
9223,-9.03078670883298,-3.322725271792994
9237,-9.037820639346274,-3.2212341856787146
9240,-8.318580646787685,-3.3545402935882223
9243,-7.608307139770987,-3.220721615560967
9247,-9.180445939547552,-3.2286746335237035
9249,-8.753120096654527,-3.2642164856959446
9272,-9.169276496034026,-3.252101457513959
9274,-6.321864946908595,-3.297264943041524
9278,-7.464824456838989,-3.256137364187571
9285,-8.892399524767159,-3.335910531588796
9300,-7.179604201814107,-3.28749618161116
9306,-8.608510203386,-3.299232584308392
9314,-7.861408687585015,-3.347723200549275
9337,-8.604263653299222,-3.251086091490832
9340,-8.608539438916115,-3.2165834941190203
9356,-7.609194377511399,-3.3147993147091057
9357,-7.893454015894283,-3.252810872903696
9365,-6.607576129811559,-3.315540635593511
9366,-8.89431363257384,-3.1759672239111505
9373,-6.181319548712503,-3.221806693074685
9388,-8.18004045341121,-3.292958021683027
9391,-7.606818102574097,-3.2607382243772256
9410,-8.324027660829566,-3.2468544991480175
9413,-5.750640958317413,-3.31903534648399
9418,-8.599459313964902,-3.3080497354036207
9420,-8.311203016803779,-3.254345341520595
9425,-8.463536815683389,-3.2563665891878046
9426,-8.31858185414393,-3.2662475189922473
9428,-8.037224800584019,-3.2284989752299995
9435,-5.320110041526244,-3.2580680353782516
9447,-7.03727193212218,-3.2174465257594704
9452,-8.74600311048983,-3.2975105571615986
9466,-6.750695284698558,-3.255187166250608
9467,-7.60829560812733,-3.2764306028100965
9471,-7.607055151740539,-3.304804112393769
